Zone,Type,Is a Brand?,Is linked?,NIC URL
aaa,g,true,❌,nic.aaa
aarp,g,true,❌,nic.aarp
abb,g,true,❌,nic.abb
abbott,g,true,❌,nic.abbott
abbvie,g,true,❌,nic.abbvie
abc,g,true,❌,nic.abc
able,g,true,❌,nic.able
abogado,g,false,❌,nic.abogado
abudhabi,g,false,❌,nic.abudhabi
ac,cc,false,❌,nic.ac
academy,g,false,❌,nic.academy
accenture,g,true,❌,nic.accenture
accountant,g,false,❌,nic.accountant
accountants,g,false,❌,nic.accountants
aco,g,true,❌,nic.aco
actor,g,false,❌,nic.actor
ad,cc,false,❌,nic.ad
ads,g,false,❌,nic.ads
adult,g,false,❌,nic.adult
ae,cc,false,✅,nic.ae
aeg,g,true,❌,nic.aeg
aero,g,false,❌,nic.aero
aetna,g,true,❌,nic.aetna
af,cc,false,❌,nic.af
afl,g,true,❌,nic.afl
africa,g,false,❌,nic.africa
ag,cc,false,❌,nic.ag
agakhan,g,true,❌,nic.agakhan
agency,g,false,❌,nic.agency
ai,cc,false,❌,nic.ai
aig,g,true,❌,nic.aig
airbus,g,true,❌,nic.airbus
airforce,g,false,❌,nic.airforce
airtel,g,true,❌,nic.airtel
akdn,g,true,❌,nic.akdn
al,cc,false,❌,nic.al
alibaba,g,true,❌,nic.alibaba
alipay,g,true,❌,nic.alipay
allfinanz,g,true,❌,nic.allfinanz
allstate,g,true,❌,nic.allstate
ally,g,true,❌,nic.ally
alsace,g,false,❌,nic.alsace
alstom,g,true,❌,nic.alstom
am,cc,false,❌,nic.am
amazon,g,true,❌,nic.amazon
americanexpress,g,true,❌,nic.americanexpress
americanfamily,g,true,❌,nic.americanfamily
amex,g,true,❌,nic.amex
amfam,g,true,❌,nic.amfam
amica,g,true,❌,nic.amica
amsterdam,g,false,❌,nic.amsterdam
analytics,g,false,❌,nic.analytics
android,g,true,❌,nic.android
anquan,g,false,❌,nic.anquan
anz,g,true,❌,nic.anz
ao,cc,false,❌,nic.ao
aol,g,true,❌,nic.aol
apartments,g,false,❌,nic.apartments
app,g,false,❌,nic.app
apple,g,true,❌,nic.apple
aq,cc,false,❌,nic.aq
aquarelle,g,true,❌,nic.aquarelle
ar,cc,false,✅,nic.ar
arab,g,false,❌,nic.arab
aramco,g,true,❌,nic.aramco
archi,g,false,❌,nic.archi
army,g,false,❌,nic.army
arpa,g,false,❌,nic.arpa
art,g,false,❌,nic.art
arte,g,true,❌,nic.arte
as,cc,false,❌,nic.as
asda,g,true,❌,nic.asda
asia,g,false,❌,nic.asia
associates,g,false,❌,nic.associates
at,cc,false,✅,nic.at
athleta,g,true,❌,nic.athleta
attorney,g,false,❌,nic.attorney
au,cc,false,✅,nic.au
auction,g,false,❌,nic.auction
audi,g,true,❌,nic.audi
audible,g,true,❌,nic.audible
audio,g,false,❌,nic.audio
auspost,g,true,❌,nic.auspost
author,g,false,❌,nic.author
auto,g,false,❌,nic.auto
autos,g,false,❌,nic.autos
aw,cc,false,❌,nic.aw
aws,g,true,❌,nic.aws
ax,cc,false,❌,nic.ax
axa,g,true,❌,nic.axa
az,cc,false,❌,nic.az
azure,g,true,❌,nic.azure
ba,cc,false,❌,nic.ba
baby,g,false,❌,nic.baby
baidu,g,true,❌,nic.baidu
banamex,g,true,❌,nic.banamex
band,g,false,❌,nic.band
bank,g,false,❌,nic.bank
bar,g,false,❌,nic.bar
barcelona,g,false,❌,nic.barcelona
barclaycard,g,true,❌,nic.barclaycard
barclays,g,true,❌,nic.barclays
barefoot,g,true,❌,nic.barefoot
bargains,g,false,❌,nic.bargains
baseball,g,false,❌,nic.baseball
basketball,g,false,❌,nic.basketball
bauhaus,g,true,❌,nic.bauhaus
bayern,g,false,❌,nic.bayern
bb,cc,false,❌,nic.bb
bbc,g,true,❌,nic.bbc
bbt,g,true,❌,nic.bbt
bbva,g,true,❌,nic.bbva
bcg,g,true,❌,nic.bcg
bcn,g,false,❌,nic.bcn
bd,cc,false,❌,nic.bd
be,cc,false,✅,nic.be
beats,g,true,❌,nic.beats
beauty,g,false,❌,nic.beauty
beer,g,false,❌,nic.beer
berlin,g,false,❌,nic.berlin
best,g,false,❌,nic.best
bestbuy,g,true,❌,nic.bestbuy
bet,g,false,❌,nic.bet
bf,cc,false,❌,nic.bf
bg,cc,false,✅,nic.bg
bh,cc,false,❌,nic.bh
bharti,g,true,❌,nic.bharti
bi,cc,false,❌,nic.bi
bible,g,false,❌,nic.bible
bid,g,false,✅,nic.bid
bike,g,false,❌,nic.bike
bing,g,true,❌,nic.bing
bingo,g,false,❌,nic.bingo
bio,g,false,❌,nic.bio
biz,g,false,✅,nic.biz
bj,cc,false,❌,nic.bj
black,g,false,❌,nic.black
blackfriday,g,false,❌,nic.blackfriday
blockbuster,g,true,❌,nic.blockbuster
blog,g,false,❌,nic.blog
bloomberg,g,true,❌,nic.bloomberg
blue,g,false,❌,nic.blue
bm,cc,false,❌,nic.bm
bms,g,true,❌,nic.bms
bmw,g,true,❌,nic.bmw
bn,cc,false,❌,nic.bn
bnpparibas,g,true,❌,nic.bnpparibas
bo,cc,false,✅,nic.bo
boats,g,false,❌,nic.boats
boehringer,g,true,❌,nic.boehringer
bofa,g,true,❌,nic.bofa
bom,g,true,❌,nic.bom
bond,g,true,❌,nic.bond
boo,g,false,❌,nic.boo
book,g,false,❌,nic.book
booking,g,true,❌,nic.booking
bosch,g,true,❌,nic.bosch
bostik,g,true,❌,nic.bostik
boston,g,false,❌,nic.boston
bot,g,false,❌,nic.bot
boutique,g,false,❌,nic.boutique
box,g,false,❌,nic.box
br,cc,false,✅,nic.br
bradesco,g,true,❌,nic.bradesco
bridgestone,g,true,❌,nic.bridgestone
broadway,g,false,❌,nic.broadway
broker,g,false,❌,nic.broker
brother,g,true,❌,nic.brother
brussels,g,false,❌,nic.brussels
bs,cc,false,✅,nic.bs
bt,cc,false,❌,nic.bt
build,g,false,❌,nic.build
builders,g,false,❌,nic.builders
business,g,false,❌,nic.business
buy,g,false,❌,nic.buy
buzz,g,false,❌,nic.buzz
bv,cc,false,❌,nic.bv
bw,cc,false,❌,nic.bw
by,cc,false,❌,nic.by
bz,cc,false,❌,nic.bz
bzh,g,false,❌,nic.bzh
ca,cc,false,✅,nic.ca
cab,g,false,❌,nic.cab
cafe,g,false,❌,nic.cafe
cal,g,true,❌,nic.cal
call,g,false,❌,nic.call
calvinklein,g,true,❌,nic.calvinklein
cam,g,false,❌,nic.cam
camera,g,false,❌,nic.camera
camp,g,false,❌,nic.camp
canon,g,true,❌,nic.canon
capetown,g,false,❌,nic.capetown
capital,g,false,❌,nic.capital
capitalone,g,true,❌,nic.capitalone
car,g,false,❌,nic.car
caravan,g,true,❌,nic.caravan
cards,g,false,❌,nic.cards
care,g,false,❌,nic.care
career,g,false,❌,nic.career
careers,g,false,❌,nic.careers
cars,g,false,❌,nic.cars
casa,g,false,❌,nic.casa
case,g,true,❌,nic.case
cash,g,false,❌,nic.cash
casino,g,false,❌,nic.casino
cat,g,false,❌,nic.cat
catering,g,false,❌,nic.catering
catholic,g,false,❌,nic.catholic
cba,g,true,❌,nic.cba
cbn,g,true,❌,nic.cbn
cbre,g,true,❌,nic.cbre
cc,cc,false,✅,nic.cc
cd,cc,false,❌,nic.cd
center,g,false,❌,nic.center
ceo,g,false,❌,nic.ceo
cern,g,true,❌,nic.cern
cf,cc,false,❌,nic.cf
cfa,g,true,❌,nic.cfa
cfd,g,false,❌,nic.cfd
cg,cc,false,❌,nic.cg
ch,cc,false,✅,nic.ch
chanel,g,true,❌,nic.chanel
channel,g,false,❌,nic.channel
charity,g,false,❌,nic.charity
chase,g,true,❌,nic.chase
chat,g,false,❌,nic.chat
cheap,g,false,❌,nic.cheap
chintai,g,true,❌,nic.chintai
christmas,g,false,❌,nic.christmas
chrome,g,true,❌,nic.chrome
church,g,false,❌,nic.church
ci,cc,false,❌,nic.ci
cipriani,g,true,❌,nic.cipriani
circle,g,false,❌,nic.circle
cisco,g,true,❌,nic.cisco
citadel,g,true,❌,nic.citadel
citi,g,true,❌,nic.citi
citic,g,true,❌,nic.citic
city,g,false,❌,nic.city
ck,cc,false,❌,nic.ck
cl,cc,false,✅,nic.cl
claims,g,false,❌,nic.claims
cleaning,g,false,❌,nic.cleaning
click,g,false,❌,nic.click
clinic,g,false,❌,nic.clinic
clinique,g,true,❌,nic.clinique
clothing,g,false,❌,nic.clothing
cloud,g,false,❌,nic.cloud
club,g,false,✅,nic.club
clubmed,g,true,❌,nic.clubmed
cm,cc,false,✅,nic.cm
cn,cc,false,✅,nic.cn
co,cc,false,✅,nic.co
coach,g,false,❌,nic.coach
codes,g,false,❌,nic.codes
coffee,g,false,❌,nic.coffee
college,g,false,❌,nic.college
cologne,g,false,❌,nic.cologne
com,g,false,✅,nic.com
commbank,g,true,❌,nic.commbank
community,g,false,❌,nic.community
company,g,false,❌,nic.company
compare,g,false,❌,nic.compare
computer,g,false,❌,nic.computer
comsec,g,true,❌,nic.comsec
condos,g,false,❌,nic.condos
construction,g,false,❌,nic.construction
consulting,g,false,❌,nic.consulting
contact,g,false,❌,nic.contact
contractors,g,false,❌,nic.contractors
cooking,g,false,❌,nic.cooking
cool,g,false,❌,nic.cool
coop,g,false,❌,nic.coop
corsica,g,false,❌,nic.corsica
country,g,false,❌,nic.country
coupon,g,false,❌,nic.coupon
coupons,g,false,❌,nic.coupons
courses,g,false,❌,nic.courses
cpa,g,false,❌,nic.cpa
cr,cc,false,❌,nic.cr
credit,g,false,❌,nic.credit
creditcard,g,false,❌,nic.creditcard
creditunion,g,false,❌,nic.creditunion
cricket,g,false,❌,nic.cricket
crown,g,true,❌,nic.crown
crs,g,true,❌,nic.crs
cruise,g,false,❌,nic.cruise
cruises,g,false,❌,nic.cruises
cu,cc,false,❌,nic.cu
cuisinella,g,true,❌,nic.cuisinella
cv,cc,false,❌,nic.cv
cw,cc,false,❌,nic.cw
cx,cc,false,✅,nic.cx
cy,cc,false,❌,nic.cy
cymru,g,false,❌,nic.cymru
cyou,g,false,❌,nic.cyou
cz,cc,false,✅,nic.cz
dad,g,false,❌,nic.dad
dance,g,false,❌,nic.dance
data,g,true,❌,nic.data
date,g,false,❌,nic.date
dating,g,false,❌,nic.dating
datsun,g,true,❌,nic.datsun
day,g,false,❌,nic.day
dclk,g,true,❌,nic.dclk
dds,g,false,❌,nic.dds
de,cc,false,✅,nic.de
deal,g,false,❌,nic.deal
dealer,g,false,❌,nic.dealer
deals,g,false,❌,nic.deals
degree,g,false,❌,nic.degree
delivery,g,false,❌,nic.delivery
dell,g,true,❌,nic.dell
deloitte,g,true,❌,nic.deloitte
delta,g,true,❌,nic.delta
democrat,g,false,❌,nic.democrat
dental,g,false,❌,nic.dental
dentist,g,false,❌,nic.dentist
desi,g,false,❌,nic.desi
design,g,false,❌,nic.design
dev,g,false,❌,nic.dev
dhl,g,true,❌,nic.dhl
diamonds,g,false,❌,nic.diamonds
diet,g,false,❌,nic.diet
digital,g,false,❌,nic.digital
direct,g,false,❌,nic.direct
directory,g,false,❌,nic.directory
discount,g,false,❌,nic.discount
discover,g,true,❌,nic.discover
dish,g,true,❌,nic.dish
diy,g,true,❌,nic.diy
dj,cc,false,❌,nic.dj
dk,cc,false,✅,nic.dk
dm,cc,false,❌,nic.dm
dnp,g,true,❌,nic.dnp
do,cc,false,❌,nic.do
docs,g,false,❌,nic.docs
doctor,g,false,❌,nic.doctor
dog,g,false,❌,nic.dog
domains,g,false,❌,nic.domains
dot,g,false,❌,nic.dot
download,g,false,❌,nic.download
drive,g,false,❌,nic.drive
dtv,g,true,❌,nic.dtv
dubai,g,false,❌,nic.dubai
dunlop,g,true,❌,nic.dunlop
dupont,g,true,❌,nic.dupont
durban,g,false,❌,nic.durban
dvag,g,true,❌,nic.dvag
dvr,g,true,❌,nic.dvr
dz,cc,false,❌,nic.dz
earth,g,false,❌,nic.earth
eat,g,false,❌,nic.eat
ec,cc,false,❌,nic.ec
eco,g,false,❌,nic.eco
edeka,g,true,❌,nic.edeka
edu,g,false,✅,nic.edu
education,g,false,❌,nic.education
ee,cc,false,✅,nic.ee
eg,cc,false,❌,nic.eg
email,g,false,❌,nic.email
emerck,g,true,❌,nic.emerck
energy,g,false,❌,nic.energy
engineer,g,false,❌,nic.engineer
engineering,g,false,❌,nic.engineering
enterprises,g,false,❌,nic.enterprises
epson,g,true,❌,nic.epson
equipment,g,false,❌,nic.equipment
er,cc,false,❌,nic.er
ericsson,g,true,❌,nic.ericsson
erni,g,true,❌,nic.erni
es,cc,false,✅,nic.es
esq,g,false,❌,nic.esq
estate,g,false,❌,nic.estate
et,cc,false,❌,nic.et
eu,cc,false,✅,nic.eu
eurovision,g,true,❌,nic.eurovision
eus,g,false,❌,nic.eus
events,g,false,❌,nic.events
exchange,g,false,❌,nic.exchange
expert,g,false,❌,nic.expert
exposed,g,false,❌,nic.exposed
express,g,false,❌,nic.express
extraspace,g,true,❌,nic.extraspace
fage,g,true,❌,nic.fage
fail,g,false,❌,nic.fail
fairwinds,g,true,❌,nic.fairwinds
faith,g,false,❌,nic.faith
family,g,false,❌,nic.family
fan,g,false,❌,nic.fan
fans,g,false,❌,nic.fans
farm,g,false,❌,nic.farm
farmers,g,true,❌,nic.farmers
fashion,g,false,❌,nic.fashion
fast,g,true,❌,nic.fast
fedex,g,true,❌,nic.fedex
feedback,g,false,❌,nic.feedback
ferrari,g,true,❌,nic.ferrari
ferrero,g,true,❌,nic.ferrero
fi,cc,false,✅,nic.fi
fidelity,g,true,❌,nic.fidelity
fido,g,true,❌,nic.fido
film,g,false,❌,nic.film
final,g,false,❌,nic.final
finance,g,false,❌,nic.finance
financial,g,false,❌,nic.financial
fire,g,true,❌,nic.fire
firestone,g,true,❌,nic.firestone
firmdale,g,true,❌,nic.firmdale
fish,g,false,❌,nic.fish
fishing,g,false,❌,nic.fishing
fit,g,false,❌,nic.fit
fitness,g,false,❌,nic.fitness
fj,cc,false,❌,nic.fj
fk,cc,false,❌,nic.fk
flickr,g,true,❌,nic.flickr
flights,g,false,❌,nic.flights
flir,g,true,❌,nic.flir
florist,g,false,❌,nic.florist
flowers,g,false,❌,nic.flowers
fly,g,false,❌,nic.fly
fm,cc,false,✅,nic.fm
fo,cc,false,❌,nic.fo
foo,g,false,❌,nic.foo
food,g,true,❌,nic.food
football,g,false,❌,nic.football
ford,g,true,❌,nic.ford
forex,g,false,❌,nic.forex
forsale,g,false,❌,nic.forsale
forum,g,false,❌,nic.forum
foundation,g,false,❌,nic.foundation
fox,g,true,❌,nic.fox
fr,cc,false,✅,nic.fr
free,g,false,❌,nic.free
fresenius,g,true,❌,nic.fresenius
frl,g,false,❌,nic.frl
frogans,g,true,❌,nic.frogans
frontier,g,true,❌,nic.frontier
ftr,g,true,❌,nic.ftr
fujitsu,g,true,❌,nic.fujitsu
fun,g,false,❌,nic.fun
fund,g,false,❌,nic.fund
furniture,g,false,❌,nic.furniture
futbol,g,false,❌,nic.futbol
fyi,g,false,❌,nic.fyi
ga,cc,false,❌,nic.ga
gal,g,false,❌,nic.gal
gallery,g,false,❌,nic.gallery
gallo,g,true,❌,nic.gallo
gallup,g,true,❌,nic.gallup
game,g,false,❌,nic.game
games,g,false,❌,nic.games
gap,g,true,❌,nic.gap
garden,g,false,❌,nic.garden
gay,g,false,❌,nic.gay
gb,cc,false,❌,nic.gb
gbiz,g,true,❌,nic.gbiz
gd,cc,false,❌,nic.gd
gdn,g,false,✅,nic.gdn
ge,cc,false,❌,nic.ge
gea,g,true,❌,nic.gea
gent,g,false,❌,nic.gent
genting,g,true,❌,nic.genting
george,g,true,❌,nic.george
gf,cc,false,❌,nic.gf
gg,cc,false,❌,nic.gg
ggee,g,true,❌,nic.ggee
gh,cc,false,❌,nic.gh
gi,cc,false,❌,nic.gi
gift,g,false,❌,nic.gift
gifts,g,false,❌,nic.gifts
gives,g,false,❌,nic.gives
giving,g,false,❌,nic.giving
gl,cc,false,✅,nic.gl
glass,g,false,❌,nic.glass
gle,g,true,❌,nic.gle
global,g,false,❌,nic.global
globo,g,true,❌,nic.globo
gm,cc,false,❌,nic.gm
gmail,g,true,❌,nic.gmail
gmbh,g,false,❌,nic.gmbh
gmo,g,true,❌,nic.gmo
gmx,g,true,❌,nic.gmx
gn,cc,false,❌,nic.gn
godaddy,g,true,❌,nic.godaddy
gold,g,false,❌,nic.gold
goldpoint,g,true,❌,nic.goldpoint
golf,g,false,❌,nic.golf
goo,g,true,❌,nic.goo
goodyear,g,true,❌,nic.goodyear
goog,g,true,❌,nic.goog
google,g,true,✅,nic.google
gop,g,false,❌,nic.gop
got,g,true,❌,nic.got
gov,g,false,✅,nic.gov
gp,cc,false,❌,nic.gp
gq,cc,false,❌,nic.gq
gr,cc,false,✅,nic.gr
grainger,g,true,❌,nic.grainger
graphics,g,false,❌,nic.graphics
gratis,g,false,❌,nic.gratis
green,g,false,❌,nic.green
gripe,g,false,❌,nic.gripe
grocery,g,false,❌,nic.grocery
group,g,false,❌,nic.group
gs,cc,false,❌,nic.gs
gt,cc,false,❌,nic.gt
gu,cc,false,❌,nic.gu
gucci,g,true,❌,nic.gucci
guge,g,true,❌,nic.guge
guide,g,false,❌,nic.guide
guitars,g,false,❌,nic.guitars
guru,g,false,❌,nic.guru
gw,cc,false,❌,nic.gw
gy,cc,false,❌,nic.gy
hair,g,false,❌,nic.hair
hamburg,g,false,❌,nic.hamburg
hangout,g,false,❌,nic.hangout
haus,g,false,❌,nic.haus
hbo,g,true,❌,nic.hbo
hdfc,g,true,❌,nic.hdfc
hdfcbank,g,true,❌,nic.hdfcbank
health,g,false,❌,nic.health
healthcare,g,false,❌,nic.healthcare
help,g,false,❌,nic.help
helsinki,g,false,❌,nic.helsinki
here,g,false,❌,nic.here
hermes,g,true,❌,nic.hermes
hiphop,g,false,❌,nic.hiphop
hisamitsu,g,true,❌,nic.hisamitsu
hitachi,g,true,❌,nic.hitachi
hiv,g,false,❌,nic.hiv
hk,cc,false,✅,nic.hk
hkt,g,true,❌,nic.hkt
hm,cc,false,❌,nic.hm
hn,cc,false,✅,nic.hn
hockey,g,false,❌,nic.hockey
holdings,g,false,❌,nic.holdings
holiday,g,false,❌,nic.holiday
homedepot,g,true,❌,nic.homedepot
homegoods,g,true,❌,nic.homegoods
homes,g,false,❌,nic.homes
homesense,g,true,❌,nic.homesense
honda,g,true,❌,nic.honda
horse,g,false,❌,nic.horse
hospital,g,false,❌,nic.hospital
host,g,false,❌,nic.host
hosting,g,false,❌,nic.hosting
hot,g,false,❌,nic.hot
hotels,g,false,❌,nic.hotels
hotmail,g,true,❌,nic.hotmail
house,g,false,❌,nic.house
how,g,false,❌,nic.how
hr,cc,false,✅,nic.hr
hsbc,g,true,❌,nic.hsbc
ht,cc,false,❌,nic.ht
hu,cc,false,✅,nic.hu
hughes,g,true,❌,nic.hughes
hyatt,g,true,❌,nic.hyatt
hyundai,g,true,❌,nic.hyundai
ibm,g,true,❌,nic.ibm
icbc,g,true,❌,nic.icbc
ice,g,true,❌,nic.ice
icu,g,true,❌,nic.icu
id,cc,false,✅,nic.id
ie,cc,false,✅,nic.ie
ieee,g,true,❌,nic.ieee
ifm,g,true,❌,nic.ifm
ikano,g,true,❌,nic.ikano
il,cc,false,✅,nic.il
im,cc,false,❌,nic.im
imamat,g,true,❌,nic.imamat
imdb,g,true,❌,nic.imdb
immo,g,false,❌,nic.immo
immobilien,g,false,❌,nic.immobilien
in,cc,false,✅,nic.in
inc,g,false,❌,nic.inc
industries,g,false,❌,nic.industries
infiniti,g,true,❌,nic.infiniti
info,g,false,✅,nic.info
ing,g,false,❌,nic.ing
ink,g,false,❌,nic.ink
institute,g,false,❌,nic.institute
insurance,g,false,❌,nic.insurance
insure,g,false,❌,nic.insure
int,g,false,❌,nic.int
international,g,false,❌,nic.international
intuit,g,true,❌,nic.intuit
investments,g,false,❌,nic.investments
io,cc,false,✅,nic.io
ipiranga,g,true,❌,nic.ipiranga
iq,cc,false,❌,nic.iq
ir,cc,false,✅,nic.ir
irish,g,false,❌,nic.irish
is,cc,false,✅,nic.is
ismaili,g,true,❌,nic.ismaili
ist,g,false,❌,nic.ist
istanbul,g,false,❌,nic.istanbul
it,cc,false,✅,nic.it
itau,g,true,❌,nic.itau
itv,g,true,❌,nic.itv
jaguar,g,true,❌,nic.jaguar
java,g,true,❌,nic.java
jcb,g,true,❌,nic.jcb
je,cc,false,❌,nic.je
jeep,g,true,❌,nic.jeep
jetzt,g,false,❌,nic.jetzt
jewelry,g,false,❌,nic.jewelry
jio,g,true,❌,nic.jio
jll,g,true,❌,nic.jll
jm,cc,false,❌,nic.jm
jmp,g,true,❌,nic.jmp
jnj,g,true,❌,nic.jnj
jo,cc,false,✅,nic.jo
jobs,g,false,❌,nic.jobs
joburg,g,false,❌,nic.joburg
jot,g,false,❌,nic.jot
joy,g,false,❌,nic.joy
jp,cc,false,✅,nic.jp
jpmorgan,g,true,❌,nic.jpmorgan
jprs,g,true,❌,nic.jprs
juegos,g,false,❌,nic.juegos
juniper,g,true,❌,nic.juniper
kaufen,g,false,❌,nic.kaufen
kddi,g,true,❌,nic.kddi
ke,cc,false,❌,nic.ke
kerryhotels,g,true,❌,nic.kerryhotels
kerryproperties,g,true,❌,nic.kerryproperties
kfh,g,true,❌,nic.kfh
kg,cc,false,❌,nic.kg
kh,cc,false,❌,nic.kh
ki,cc,false,❌,nic.ki
kia,g,true,❌,nic.kia
kids,g,false,❌,nic.kids
kim,g,false,❌,nic.kim
kindle,g,true,❌,nic.kindle
kitchen,g,false,❌,nic.kitchen
kiwi,g,false,❌,nic.kiwi
km,cc,false,❌,nic.km
kn,cc,false,❌,nic.kn
koeln,g,false,❌,nic.koeln
komatsu,g,true,❌,nic.komatsu
kosher,g,false,❌,nic.kosher
kp,cc,false,❌,nic.kp
kpmg,g,true,❌,nic.kpmg
kpn,g,true,❌,nic.kpn
kr,cc,false,✅,nic.kr
krd,g,false,❌,nic.krd
kred,g,false,❌,nic.kred
kuokgroup,g,true,❌,nic.kuokgroup
kw,cc,false,❌,nic.kw
ky,cc,false,❌,nic.ky
kyoto,g,false,❌,nic.kyoto
kz,cc,false,❌,nic.kz
la,cc,false,✅,nic.la
lacaixa,g,true,❌,nic.lacaixa
lamborghini,g,true,❌,nic.lamborghini
lamer,g,true,❌,nic.lamer
land,g,false,❌,nic.land
landrover,g,true,❌,nic.landrover
lanxess,g,true,❌,nic.lanxess
lasalle,g,true,❌,nic.lasalle
lat,g,false,❌,nic.lat
latino,g,false,❌,nic.latino
latrobe,g,true,❌,nic.latrobe
law,g,false,❌,nic.law
lawyer,g,false,❌,nic.lawyer
lb,cc,false,❌,nic.lb
lc,cc,false,✅,nic.lc
lds,g,true,❌,nic.lds
lease,g,false,❌,nic.lease
leclerc,g,true,❌,nic.leclerc
lefrak,g,true,❌,nic.lefrak
legal,g,false,❌,nic.legal
lego,g,true,❌,nic.lego
lexus,g,true,❌,nic.lexus
lgbt,g,false,❌,nic.lgbt
li,cc,false,✅,nic.li
lidl,g,true,❌,nic.lidl
life,g,false,❌,nic.life
lifeinsurance,g,false,❌,nic.lifeinsurance
lifestyle,g,false,❌,nic.lifestyle
lighting,g,false,❌,nic.lighting
like,g,true,❌,nic.like
lilly,g,true,❌,nic.lilly
limited,g,false,❌,nic.limited
limo,g,false,❌,nic.limo
lincoln,g,true,❌,nic.lincoln
link,g,false,✅,nic.link
live,g,false,❌,nic.live
living,g,false,❌,nic.living
lk,cc,false,✅,nic.lk
llc,g,false,❌,nic.llc
llp,g,false,❌,nic.llp
loan,g,false,✅,nic.loan
loans,g,false,❌,nic.loans
locker,g,true,❌,nic.locker
locus,g,true,❌,nic.locus
lol,g,false,❌,nic.lol
london,g,false,❌,nic.london
lotte,g,true,❌,nic.lotte
lotto,g,false,❌,nic.lotto
love,g,false,❌,nic.love
lpl,g,true,❌,nic.lpl
lplfinancial,g,true,❌,nic.lplfinancial
lr,cc,false,❌,nic.lr
ls,cc,false,❌,nic.ls
lt,cc,false,✅,nic.lt
ltd,g,false,❌,nic.ltd
ltda,g,false,❌,nic.ltda
lu,cc,false,✅,nic.lu
lundbeck,g,true,❌,nic.lundbeck
luxe,g,false,❌,nic.luxe
luxury,g,false,❌,nic.luxury
lv,cc,false,✅,nic.lv
ly,cc,false,✅,nic.ly
ma,cc,false,✅,nic.ma
madrid,g,false,❌,nic.madrid
maif,g,true,❌,nic.maif
maison,g,false,❌,nic.maison
makeup,g,true,❌,nic.makeup
man,g,true,❌,nic.man
management,g,false,❌,nic.management
mango,g,true,❌,nic.mango
map,g,false,❌,nic.map
market,g,false,❌,nic.market
marketing,g,false,❌,nic.marketing
markets,g,false,❌,nic.markets
marriott,g,true,❌,nic.marriott
marshalls,g,true,❌,nic.marshalls
mattel,g,true,❌,nic.mattel
mba,g,false,❌,nic.mba
mc,cc,false,❌,nic.mc
mckinsey,g,true,❌,nic.mckinsey
md,cc,false,❌,nic.md
me,cc,false,✅,nic.me
med,g,false,❌,nic.med
media,g,false,❌,nic.media
meet,g,false,❌,nic.meet
melbourne,g,false,❌,nic.melbourne
meme,g,false,❌,nic.meme
memorial,g,false,❌,nic.memorial
men,g,false,❌,nic.men
menu,g,false,❌,nic.menu
merckmsd,g,true,❌,nic.merckmsd
mg,cc,false,❌,nic.mg
mh,cc,false,❌,nic.mh
miami,g,false,❌,nic.miami
microsoft,g,true,❌,nic.microsoft
mil,g,false,❌,nic.mil
mini,g,true,❌,nic.mini
mint,g,true,❌,nic.mint
mit,g,true,❌,nic.mit
mitsubishi,g,true,❌,nic.mitsubishi
mk,cc,false,❌,nic.mk
ml,cc,false,❌,nic.ml
mlb,g,true,❌,nic.mlb
mls,g,false,❌,nic.mls
mm,cc,false,❌,nic.mm
mma,g,true,❌,nic.mma
mn,cc,false,❌,nic.mn
mo,cc,false,❌,nic.mo
mobi,g,false,❌,nic.mobi
mobile,g,false,❌,nic.mobile
moda,g,false,❌,nic.moda
moe,g,false,❌,nic.moe
moi,g,true,❌,nic.moi
mom,g,false,❌,nic.mom
monash,g,true,❌,nic.monash
money,g,false,❌,nic.money
monster,g,true,❌,nic.monster
mormon,g,true,❌,nic.mormon
mortgage,g,false,❌,nic.mortgage
moscow,g,false,❌,nic.moscow
moto,g,true,❌,nic.moto
motorcycles,g,false,❌,nic.motorcycles
mov,g,false,❌,nic.mov
movie,g,false,❌,nic.movie
mp,cc,false,❌,nic.mp
mq,cc,false,❌,nic.mq
mr,cc,false,❌,nic.mr
ms,cc,false,✅,nic.ms
msd,g,true,❌,nic.msd
mt,cc,false,❌,nic.mt
mtn,g,true,❌,nic.mtn
mtr,g,true,❌,nic.mtr
mu,cc,false,❌,nic.mu
museum,g,false,❌,nic.museum
music,g,false,❌,nic.music
mv,cc,false,❌,nic.mv
mw,cc,false,❌,nic.mw
mx,cc,false,✅,nic.mx
my,cc,false,✅,nic.my
mz,cc,false,❌,nic.mz
na,cc,false,❌,nic.na
nab,g,true,❌,nic.nab
nagoya,g,false,❌,nic.nagoya
name,g,false,❌,nic.name
navy,g,false,❌,nic.navy
nba,g,true,❌,nic.nba
nc,cc,false,❌,nic.nc
ne,cc,false,❌,nic.ne
nec,g,true,❌,nic.nec
net,g,false,✅,nic.net
netbank,g,true,❌,nic.netbank
netflix,g,true,❌,nic.netflix
network,g,false,❌,nic.network
neustar,g,true,❌,nic.neustar
new,g,false,❌,nic.new
news,g,false,❌,nic.news
next,g,true,❌,nic.next
nextdirect,g,true,❌,nic.nextdirect
nexus,g,true,❌,nic.nexus
nf,cc,false,❌,nic.nf
nfl,g,true,❌,nic.nfl
ng,cc,false,❌,nic.ng
ngo,g,false,❌,nic.ngo
nhk,g,true,❌,nic.nhk
ni,cc,false,❌,nic.ni
nico,g,true,❌,nic.nico
nike,g,true,❌,nic.nike
nikon,g,true,❌,nic.nikon
ninja,g,false,❌,nic.ninja
nissan,g,true,❌,nic.nissan
nissay,g,true,❌,nic.nissay
nl,cc,false,✅,nic.nl
no,cc,false,✅,nic.no
nokia,g,true,❌,nic.nokia
norton,g,true,❌,nic.norton
now,g,false,❌,nic.now
nowruz,g,true,❌,nic.nowruz
nowtv,g,true,❌,nic.nowtv
np,cc,false,❌,nic.np
nr,cc,false,❌,nic.nr
nra,g,true,❌,nic.nra
nrw,g,false,❌,nic.nrw
ntt,g,true,❌,nic.ntt
nu,cc,false,❌,nic.nu
nyc,g,false,❌,nic.nyc
nz,cc,false,✅,nic.nz
obi,g,true,❌,nic.obi
observer,g,true,❌,nic.observer
office,g,true,❌,nic.office
okinawa,g,false,❌,nic.okinawa
olayan,g,true,❌,nic.olayan
olayangroup,g,true,❌,nic.olayangroup
ollo,g,true,❌,nic.ollo
om,cc,false,❌,nic.om
omega,g,true,❌,nic.omega
one,g,false,❌,nic.one
ong,g,false,❌,nic.ong
onl,g,false,❌,nic.onl
online,g,false,✅,nic.online
ooo,g,false,❌,nic.ooo
open,g,true,❌,nic.open
oracle,g,true,❌,nic.oracle
orange,g,true,❌,nic.orange
org,g,false,✅,nic.org
organic,g,false,❌,nic.organic
origins,g,true,❌,nic.origins
osaka,g,false,❌,nic.osaka
otsuka,g,true,❌,nic.otsuka
ott,g,true,❌,nic.ott
ovh,g,false,❌,nic.ovh
pa,cc,false,❌,nic.pa
page,g,false,❌,nic.page
panasonic,g,true,❌,nic.panasonic
paris,g,false,❌,nic.paris
pars,g,false,❌,nic.pars
partners,g,false,❌,nic.partners
parts,g,false,❌,nic.parts
party,g,false,❌,nic.party
pay,g,false,❌,nic.pay
pccw,g,true,❌,nic.pccw
pe,cc,false,❌,nic.pe
pet,g,false,❌,nic.pet
pf,cc,false,❌,nic.pf
pfizer,g,true,❌,nic.pfizer
pg,cc,false,❌,nic.pg
ph,cc,false,✅,nic.ph
pharmacy,g,false,❌,nic.pharmacy
phd,g,false,❌,nic.phd
philips,g,true,❌,nic.philips
phone,g,false,❌,nic.phone
photo,g,false,❌,nic.photo
photography,g,false,❌,nic.photography
photos,g,false,❌,nic.photos
physio,g,false,❌,nic.physio
pics,g,false,❌,nic.pics
pictet,g,true,❌,nic.pictet
pictures,g,false,❌,nic.pictures
pid,g,false,❌,nic.pid
pin,g,false,❌,nic.pin
ping,g,true,❌,nic.ping
pink,g,false,❌,nic.pink
pioneer,g,true,❌,nic.pioneer
pizza,g,false,❌,nic.pizza
pk,cc,false,✅,nic.pk
pl,cc,false,✅,nic.pl
place,g,false,❌,nic.place
play,g,false,❌,nic.play
playstation,g,true,❌,nic.playstation
plumbing,g,false,❌,nic.plumbing
plus,g,false,❌,nic.plus
pm,cc,false,❌,nic.pm
pn,cc,false,❌,nic.pn
pnc,g,true,❌,nic.pnc
pohl,g,true,❌,nic.pohl
poker,g,false,❌,nic.poker
politie,g,true,❌,nic.politie
porn,g,false,❌,nic.porn
post,g,false,❌,nic.post
pr,cc,false,❌,nic.pr
praxi,g,true,❌,nic.praxi
press,g,false,❌,nic.press
prime,g,true,❌,nic.prime
pro,g,false,❌,nic.pro
prod,g,true,❌,nic.prod
productions,g,false,❌,nic.productions
prof,g,false,❌,nic.prof
progressive,g,true,❌,nic.progressive
promo,g,false,❌,nic.promo
properties,g,false,❌,nic.properties
property,g,false,❌,nic.property
protection,g,false,❌,nic.protection
pru,g,true,❌,nic.pru
prudential,g,true,❌,nic.prudential
ps,cc,false,❌,nic.ps
pt,cc,false,✅,nic.pt
pub,g,false,❌,nic.pub
pw,cc,false,✅,nic.pw
pwc,g,true,❌,nic.pwc
py,cc,false,❌,nic.py
qa,cc,false,❌,nic.qa
qpon,g,false,❌,nic.qpon
quebec,g,false,❌,nic.quebec
quest,g,true,❌,nic.quest
racing,g,false,❌,nic.racing
radio,g,false,❌,nic.radio
re,cc,false,❌,nic.re
read,g,true,❌,nic.read
realestate,g,false,❌,nic.realestate
realtor,g,false,❌,nic.realtor
realty,g,false,❌,nic.realty
recipes,g,false,❌,nic.recipes
red,g,false,❌,nic.red
redstone,g,true,❌,nic.redstone
redumbrella,g,true,❌,nic.redumbrella
rehab,g,false,❌,nic.rehab
reise,g,false,❌,nic.reise
reisen,g,false,❌,nic.reisen
reit,g,false,❌,nic.reit
reliance,g,true,❌,nic.reliance
ren,g,true,❌,nic.ren
rent,g,false,❌,nic.rent
rentals,g,false,❌,nic.rentals
repair,g,false,❌,nic.repair
report,g,false,❌,nic.report
republican,g,false,❌,nic.republican
rest,g,false,❌,nic.rest
restaurant,g,false,❌,nic.restaurant
review,g,false,❌,nic.review
reviews,g,false,❌,nic.reviews
rexroth,g,true,❌,nic.rexroth
rich,g,false,❌,nic.rich
richardli,g,true,❌,nic.richardli
ricoh,g,true,❌,nic.ricoh
ril,g,true,❌,nic.ril
rio,g,false,❌,nic.rio
rip,g,false,❌,nic.rip
ro,cc,false,✅,nic.ro
rocks,g,false,❌,nic.rocks
rodeo,g,false,❌,nic.rodeo
rogers,g,true,❌,nic.rogers
room,g,false,❌,nic.room
rs,cc,false,✅,nic.rs
rsvp,g,false,❌,nic.rsvp
ru,cc,false,✅,nic.ru
rugby,g,false,❌,nic.rugby
ruhr,g,false,❌,nic.ruhr
run,g,false,❌,nic.run
rw,cc,false,❌,nic.rw
rwe,g,true,❌,nic.rwe
ryukyu,g,false,❌,nic.ryukyu
sa,cc,false,✅,nic.sa
saarland,g,false,❌,nic.saarland
safe,g,false,❌,nic.safe
safety,g,false,❌,nic.safety
sakura,g,true,❌,nic.sakura
sale,g,false,❌,nic.sale
salon,g,false,❌,nic.salon
samsclub,g,true,❌,nic.samsclub
samsung,g,true,❌,nic.samsung
sandvik,g,true,❌,nic.sandvik
sandvikcoromant,g,true,❌,nic.sandvikcoromant
sanofi,g,true,❌,nic.sanofi
sap,g,true,❌,nic.sap
sarl,g,false,❌,nic.sarl
sas,g,true,❌,nic.sas
save,g,false,❌,nic.save
saxo,g,true,❌,nic.saxo
sb,cc,false,❌,nic.sb
sbi,g,true,❌,nic.sbi
sbs,g,true,❌,nic.sbs
sc,cc,false,❌,nic.sc
scb,g,true,❌,nic.scb
schaeffler,g,true,❌,nic.schaeffler
schmidt,g,true,❌,nic.schmidt
scholarships,g,false,❌,nic.scholarships
school,g,false,❌,nic.school
schule,g,false,❌,nic.schule
schwarz,g,true,❌,nic.schwarz
science,g,false,❌,nic.science
scot,g,false,❌,nic.scot
sd,cc,false,❌,nic.sd
se,cc,false,✅,nic.se
search,g,false,❌,nic.search
seat,g,true,❌,nic.seat
secure,g,false,❌,nic.secure
security,g,false,❌,nic.security
seek,g,true,❌,nic.seek
select,g,true,❌,nic.select
sener,g,true,❌,nic.sener
services,g,false,❌,nic.services
seven,g,true,❌,nic.seven
sew,g,true,❌,nic.sew
sex,g,false,❌,nic.sex
sexy,g,false,❌,nic.sexy
sfr,g,true,❌,nic.sfr
sg,cc,false,✅,nic.sg
sh,cc,false,❌,nic.sh
shangrila,g,true,❌,nic.shangrila
sharp,g,true,❌,nic.sharp
shell,g,true,❌,nic.shell
shia,g,false,❌,nic.shia
shiksha,g,false,❌,nic.shiksha
shoes,g,false,❌,nic.shoes
shop,g,false,❌,nic.shop
shopping,g,false,❌,nic.shopping
shouji,g,true,❌,nic.shouji
show,g,false,❌,nic.show
si,cc,false,✅,nic.si
silk,g,true,❌,nic.silk
sina,g,true,❌,nic.sina
singles,g,false,❌,nic.singles
site,g,false,✅,nic.site
sj,cc,false,❌,nic.sj
sk,cc,false,✅,nic.sk
ski,g,false,❌,nic.ski
skin,g,false,❌,nic.skin
sky,g,true,❌,nic.sky
skype,g,true,❌,nic.skype
sl,cc,false,❌,nic.sl
sling,g,true,❌,nic.sling
sm,cc,false,❌,nic.sm
smart,g,true,❌,nic.smart
smile,g,false,❌,nic.smile
sn,cc,false,❌,nic.sn
sncf,g,true,❌,nic.sncf
so,cc,false,✅,nic.so
soccer,g,false,❌,nic.soccer
social,g,false,✅,nic.social
softbank,g,true,❌,nic.softbank
software,g,false,❌,nic.software
sohu,g,true,❌,nic.sohu
solar,g,false,❌,nic.solar
solutions,g,false,❌,nic.solutions
song,g,true,❌,nic.song
sony,g,true,❌,nic.sony
soy,g,false,❌,nic.soy
spa,g,false,❌,nic.spa
space,g,false,❌,nic.space
sport,g,false,❌,nic.sport
spot,g,false,❌,nic.spot
sr,cc,false,❌,nic.sr
srl,g,false,❌,nic.srl
ss,cc,false,❌,nic.ss
st,cc,false,✅,nic.st
stada,g,true,❌,nic.stada
staples,g,true,❌,nic.staples
star,g,true,❌,nic.star
statebank,g,true,❌,nic.statebank
statefarm,g,true,❌,nic.statefarm
stc,g,true,❌,nic.stc
stcgroup,g,true,❌,nic.stcgroup
stockholm,g,false,❌,nic.stockholm
storage,g,false,❌,nic.storage
store,g,false,❌,nic.store
stream,g,false,❌,nic.stream
studio,g,false,❌,nic.studio
study,g,false,❌,nic.study
style,g,false,❌,nic.style
su,cc,false,❌,nic.su
sucks,g,false,❌,nic.sucks
supplies,g,false,❌,nic.supplies
supply,g,false,❌,nic.supply
support,g,false,❌,nic.support
surf,g,false,❌,nic.surf
surgery,g,false,❌,nic.surgery
suzuki,g,true,❌,nic.suzuki
sv,cc,false,❌,nic.sv
swatch,g,true,❌,nic.swatch
swiss,g,false,❌,nic.swiss
sx,cc,false,❌,nic.sx
sy,cc,false,❌,nic.sy
sydney,g,false,❌,nic.sydney
systems,g,false,❌,nic.systems
sz,cc,false,❌,nic.sz
tab,g,true,❌,nic.tab
taipei,g,false,❌,nic.taipei
talk,g,false,❌,nic.talk
taobao,g,true,❌,nic.taobao
target,g,true,❌,nic.target
tatamotors,g,true,❌,nic.tatamotors
tatar,g,false,❌,nic.tatar
tattoo,g,false,❌,nic.tattoo
tax,g,false,❌,nic.tax
taxi,g,false,❌,nic.taxi
tc,cc,false,❌,nic.tc
tci,g,true,❌,nic.tci
td,cc,false,❌,nic.td
tdk,g,true,❌,nic.tdk
team,g,false,❌,nic.team
tech,g,false,✅,nic.tech
technology,g,false,❌,nic.technology
tel,g,false,❌,nic.tel
temasek,g,true,❌,nic.temasek
tennis,g,false,❌,nic.tennis
teva,g,true,❌,nic.teva
tf,cc,false,❌,nic.tf
tg,cc,false,❌,nic.tg
th,cc,false,✅,nic.th
thd,g,true,❌,nic.thd
theater,g,false,❌,nic.theater
theatre,g,false,❌,nic.theatre
tiaa,g,true,❌,nic.tiaa
tickets,g,false,❌,nic.tickets
tienda,g,false,❌,nic.tienda
tips,g,false,❌,nic.tips
tires,g,false,❌,nic.tires
tirol,g,false,❌,nic.tirol
tj,cc,false,❌,nic.tj
tjmaxx,g,true,❌,nic.tjmaxx
tjx,g,true,❌,nic.tjx
tk,cc,false,❌,nic.tk
tkmaxx,g,true,❌,nic.tkmaxx
tl,cc,false,❌,nic.tl
tm,cc,false,✅,nic.tm
tmall,g,true,❌,nic.tmall
tn,cc,false,✅,nic.tn
to,cc,false,✅,nic.to
today,g,false,❌,nic.today
tokyo,g,false,❌,nic.tokyo
tools,g,false,❌,nic.tools
top,g,false,❌,nic.top
toray,g,true,❌,nic.toray
toshiba,g,true,❌,nic.toshiba
total,g,true,❌,nic.total
tours,g,false,❌,nic.tours
town,g,false,❌,nic.town
toyota,g,true,❌,nic.toyota
toys,g,false,❌,nic.toys
tr,cc,false,✅,nic.tr
trade,g,false,❌,nic.trade
trading,g,false,❌,nic.trading
training,g,false,❌,nic.training
travel,g,false,❌,nic.travel
travelers,g,true,❌,nic.travelers
travelersinsurance,g,true,❌,nic.travelersinsurance
trust,g,false,❌,nic.trust
trv,g,true,❌,nic.trv
tt,cc,false,✅,nic.tt
tube,g,false,❌,nic.tube
tui,g,true,❌,nic.tui
tunes,g,false,❌,nic.tunes
tushu,g,true,❌,nic.tushu
tv,cc,false,✅,nic.tv
tvs,g,true,❌,nic.tvs
tw,cc,false,✅,nic.tw
tz,cc,false,❌,nic.tz
ua,cc,false,✅,nic.ua
ubank,g,true,❌,nic.ubank
ubs,g,true,❌,nic.ubs
ug,cc,false,❌,nic.ug
uk,cc,false,✅,nic.uk
unicom,g,true,❌,nic.unicom
university,g,false,❌,nic.university
uno,g,false,❌,nic.uno
uol,g,true,❌,nic.uol
ups,g,true,❌,nic.ups
us,cc,false,✅,nic.us
uy,cc,false,✅,nic.uy
uz,cc,false,❌,nic.uz
va,cc,false,✅,nic.va
vacations,g,false,❌,nic.vacations
vana,g,true,❌,nic.vana
vanguard,g,true,❌,nic.vanguard
vc,cc,false,❌,nic.vc
ve,cc,false,❌,nic.ve
vegas,g,false,❌,nic.vegas
ventures,g,false,❌,nic.ventures
verisign,g,true,❌,nic.verisign
versicherung,g,false,❌,nic.versicherung
vet,g,false,❌,nic.vet
vg,cc,false,❌,nic.vg
vi,cc,false,❌,nic.vi
viajes,g,false,❌,nic.viajes
video,g,false,❌,nic.video
vig,g,true,❌,nic.vig
viking,g,true,❌,nic.viking
villas,g,false,❌,nic.villas
vin,g,false,❌,nic.vin
vip,g,false,✅,nic.vip
virgin,g,true,❌,nic.virgin
visa,g,true,❌,nic.visa
vision,g,false,❌,nic.vision
viva,g,true,❌,nic.viva
vivo,g,true,❌,nic.vivo
vlaanderen,g,false,❌,nic.vlaanderen
vn,cc,false,✅,nic.vn
vodka,g,false,❌,nic.vodka
volvo,g,true,❌,nic.volvo
vote,g,false,❌,nic.vote
voting,g,false,❌,nic.voting
voto,g,false,❌,nic.voto
voyage,g,false,❌,nic.voyage
vu,cc,false,❌,nic.vu
wales,g,false,❌,nic.wales
walmart,g,true,❌,nic.walmart
walter,g,true,❌,nic.walter
wang,g,false,✅,nic.wang
wanggou,g,false,❌,nic.wanggou
watch,g,false,❌,nic.watch
watches,g,false,❌,nic.watches
weather,g,false,❌,nic.weather
weatherchannel,g,true,❌,nic.weatherchannel
webcam,g,false,❌,nic.webcam
weber,g,true,❌,nic.weber
website,g,false,❌,nic.website
wed,g,false,❌,nic.wed
wedding,g,false,❌,nic.wedding
weibo,g,false,❌,nic.weibo
weir,g,true,❌,nic.weir
wf,cc,false,❌,nic.wf
whoswho,g,false,❌,nic.whoswho
wien,g,false,❌,nic.wien
wiki,g,false,❌,nic.wiki
williamhill,g,true,❌,nic.williamhill
win,g,false,✅,nic.win
windows,g,true,❌,nic.windows
wine,g,false,❌,nic.wine
winners,g,true,❌,nic.winners
wme,g,true,❌,nic.wme
wolterskluwer,g,true,❌,nic.wolterskluwer
woodside,g,true,❌,nic.woodside
work,g,false,❌,nic.work
works,g,false,❌,nic.works
world,g,false,❌,nic.world
wow,g,false,❌,nic.wow
ws,cc,false,❌,nic.ws
wtc,g,true,❌,nic.wtc
wtf,g,false,❌,nic.wtf
xbox,g,true,❌,nic.xbox
xerox,g,true,❌,nic.xerox
xihuan,g,false,❌,nic.xihuan
xin,g,false,✅,nic.xin
कॉम,g,false,❌,nic.कॉम
セール,g,false,❌,nic.セール
佛山,g,false,❌,nic.佛山
ಭಾರತ,g,false,❌,nic.ಭಾರತ
慈善,g,false,❌,nic.慈善
集团,g,false,❌,nic.集团
在线,g,false,❌,nic.在线
한국,g,false,✅,nic.한국
ଭାରତ,g,false,❌,nic.ଭାରତ
点看,g,false,❌,nic.点看
คอม,g,false,❌,nic.คอม
ভাৰত,g,false,❌,nic.ভাৰত
ভারত,g,false,❌,nic.ভারত
八卦,g,false,❌,nic.八卦
ישראל,g,false,❌,nic.ישראל
موقع,g,false,❌,nic.موقع
বাংলা,g,false,❌,nic.বাংলা
公益,g,false,❌,nic.公益
公司,g,false,❌,nic.公司
香格里拉,g,true,❌,nic.香格里拉
网站,g,false,❌,nic.网站
移动,g,false,❌,nic.移动
我爱你,g,false,❌,nic.我爱你
москва,g,false,❌,nic.москва
қаз,g,false,❌,nic.қаз
католик,g,false,❌,nic.католик
онлайн,g,false,❌,nic.онлайн
сайт,g,false,❌,nic.сайт
联通,g,true,❌,nic.联通
срб,g,false,❌,nic.срб
бг,g,false,❌,nic.бг
бел,g,false,❌,nic.бел
קום,g,false,❌,nic.קום
时尚,g,false,❌,nic.时尚
微博,g,true,❌,nic.微博
淡马锡,g,true,❌,nic.淡马锡
ファッション,g,false,❌,nic.ファッション
орг,g,false,❌,nic.орг
नेट,g,false,❌,nic.नेट
ストア,g,false,❌,nic.ストア
アマゾン,g,true,❌,nic.アマゾン
삼성,g,true,❌,nic.삼성
சிங்கப்பூர்,g,false,❌,nic.சிங்கப்பூர்
商标,g,false,❌,nic.商标
商店,g,false,❌,nic.商店
商城,g,false,❌,nic.商城
дети,g,false,❌,nic.дети
мкд,g,false,❌,nic.мкд
ею,g,false,❌,nic.ею
ポイント,g,false,❌,nic.ポイント
新闻,g,false,❌,nic.新闻
家電,g,false,❌,nic.家電
كوم,g,false,❌,nic.كوم
中文网,g,false,❌,nic.中文网
中信,g,true,❌,nic.中信
中国,g,false,❌,nic.中国
中國,g,false,❌,nic.中國
娱乐,g,false,❌,nic.娱乐
谷歌,g,true,❌,nic.谷歌
భారత్,g,false,❌,nic.భారత్
ලංකා,g,false,❌,nic.ලංකා
電訊盈科,g,true,❌,nic.電訊盈科
购物,g,false,❌,nic.购物
クラウド,g,false,❌,nic.クラウド
ભારત,g,false,✅,nic.ભારત
通販,g,false,❌,nic.通販
भारतम्,g,false,❌,nic.भारतम्
भारत,g,false,✅,nic.भारत
भारोत,g,false,❌,nic.भारोत
网店,g,false,❌,nic.网店
संगठन,g,false,❌,nic.संगठन
餐厅,g,false,❌,nic.餐厅
网络,g,false,❌,nic.网络
ком,g,false,❌,nic.ком
укр,g,false,✅,nic.укр
香港,g,false,❌,nic.香港
亚马逊,g,true,❌,nic.亚马逊
食品,g,false,❌,nic.食品
飞利浦,g,true,❌,nic.飞利浦
台湾,g,false,❌,nic.台湾
台灣,g,false,❌,nic.台灣
手机,g,false,❌,nic.手机
мон,g,false,❌,nic.мон
الجزائر,g,false,❌,nic.الجزائر
عمان,g,false,❌,nic.عمان
ارامكو,g,false,❌,nic.ارامكو
ایران,g,false,❌,nic.ایران
العليان,g,false,❌,nic.العليان
امارات,g,false,✅,nic.امارات
بازار,g,false,❌,nic.بازار
موريتانيا,g,false,❌,nic.موريتانيا
پاکستان,g,false,❌,nic.پاکستان
الاردن,g,false,❌,nic.الاردن
بارت,g,false,❌,nic.بارت
بھارت,g,false,❌,nic.بھارت
المغرب,g,false,❌,nic.المغرب
ابوظبي,g,false,❌,nic.ابوظبي
البحرين,g,false,❌,nic.البحرين
السعودية,g,false,✅,nic.السعودية
ڀارت,g,false,❌,nic.ڀارت
كاثوليك,g,false,❌,nic.كاثوليك
سودان,g,false,❌,nic.سودان
همراه,g,false,❌,nic.همراه
عراق,g,false,❌,nic.عراق
مليسيا,g,false,✅,nic.مليسيا
澳門,g,false,❌,nic.澳門
닷컴,g,false,❌,nic.닷컴
政府,g,false,❌,nic.政府
شبكة,g,false,❌,nic.شبكة
بيتك,g,false,❌,nic.بيتك
عرب,g,false,❌,nic.عرب
გე,g,false,❌,nic.გე
机构,g,false,❌,nic.机构
组织机构,g,false,❌,nic.组织机构
健康,g,false,❌,nic.健康
ไทย,g,false,✅,nic.ไทย
سورية,g,false,❌,nic.سورية
招聘,g,false,❌,nic.招聘
рус,g,false,✅,nic.рус
рф,g,false,✅,nic.рф
تونس,g,false,❌,nic.تونس
大拿,g,false,❌,nic.大拿
ລາວ,g,false,❌,nic.ລາວ
みんな,g,false,❌,nic.みんな
グーグル,g,true,❌,nic.グーグル
ευ,g,false,❌,nic.ευ
ελ,g,false,❌,nic.ελ
世界,g,false,❌,nic.世界
書籍,g,false,❌,nic.書籍
ഭാരതം,g,false,❌,nic.ഭാരതം
ਭਾਰਤ,g,false,✅,nic.ਭਾਰਤ
网址,g,false,❌,nic.网址
닷넷,g,false,❌,nic.닷넷
コム,g,false,❌,nic.コム
天主教,g,false,❌,nic.天主教
游戏,g,false,❌,nic.游戏
vermögensberater,g,false,❌,nic.vermögensberater
vermögensberatung,g,false,❌,nic.vermögensberatung
企业,g,false,❌,nic.企业
信息,g,false,❌,nic.信息
嘉里大酒店,g,false,❌,nic.嘉里大酒店
嘉里,g,true,❌,nic.嘉里
مصر,g,false,✅,nic.مصر
قطر,g,false,❌,nic.قطر
广东,g,false,❌,nic.广东
இலங்கை,g,false,❌,nic.இலங்கை
இந்தியா,g,false,❌,nic.இந்தியா
հայ,g,false,❌,nic.հայ
新加坡,g,false,❌,nic.新加坡
فلسطين,g,false,❌,nic.فلسطين
政务,g,false,❌,nic.政务
xxx,g,false,❌,nic.xxx
xyz,g,false,✅,nic.xyz
yachts,g,false,❌,nic.yachts
yahoo,g,true,❌,nic.yahoo
yamaxun,g,true,❌,nic.yamaxun
yandex,g,true,❌,nic.yandex
ye,cc,false,❌,nic.ye
yodobashi,g,true,❌,nic.yodobashi
yoga,g,false,❌,nic.yoga
yokohama,g,false,❌,nic.yokohama
you,g,false,❌,nic.you
youtube,g,true,❌,nic.youtube
yt,cc,false,❌,nic.yt
yun,g,false,❌,nic.yun
za,cc,false,✅,nic.za
zappos,g,true,❌,nic.zappos
zara,g,true,❌,nic.zara
zero,g,false,❌,nic.zero
zip,g,false,❌,nic.zip
zm,cc,false,❌,nic.zm
zone,g,false,❌,nic.zone
zuerich,g,false,❌,nic.zuerich
zw,cc,false,❌,nic.zw
