Zone,Type,Brand,AutoLinked
aaa,gtld,true,false
aarp,gtld,true,false
abb,gtld,true,false
abbott,gtld,true,false
abbvie,gtld,true,false
abc,gtld,true,false
able,gtld,true,false
abogado,gtld,false,false
abudhabi,gtld,false,false
ac,cctld,false,true
academy,gtld,false,false
accenture,gtld,true,false
accountant,gtld,false,false
accountants,gtld,false,false
aco,gtld,true,false
actor,gtld,false,false
ad,cctld,false,true
ads,gtld,false,false
adult,gtld,false,false
ae,cctld,false,true
aeg,gtld,true,false
aero,gtld,false,true
aetna,gtld,true,false
af,cctld,false,true
afl,gtld,true,false
africa,gtld,false,false
ag,cctld,false,true
agakhan,gtld,true,false
agency,gtld,false,false
ai,cctld,false,true
aig,gtld,true,false
airbus,gtld,true,false
airforce,gtld,false,false
airtel,gtld,true,false
akdn,gtld,true,false
al,cctld,false,true
alibaba,gtld,true,false
alipay,gtld,true,false
allfinanz,gtld,true,false
allstate,gtld,true,false
ally,gtld,true,false
alsace,gtld,false,false
alstom,gtld,true,false
am,cctld,false,true
amazon,gtld,true,false
americanexpress,gtld,true,false
americanfamily,gtld,true,false
amex,gtld,true,false
amfam,gtld,true,false
amica,gtld,true,false
amsterdam,gtld,false,false
analytics,gtld,false,false
android,gtld,true,false
anquan,gtld,false,false
anz,gtld,true,false
ao,cctld,false,true
aol,gtld,true,false
apartments,gtld,false,false
app,gtld,false,false
apple,gtld,true,false
aq,cctld,false,true
aquarelle,gtld,true,false
ar,cctld,false,true
arab,gtld,false,false
aramco,gtld,true,false
archi,gtld,false,false
army,gtld,false,false
arpa,gtld,false,true
art,gtld,false,false
arte,gtld,true,false
as,cctld,false,true
asda,gtld,true,false
asia,gtld,false,true
associates,gtld,false,false
at,cctld,false,true
athleta,gtld,true,false
attorney,gtld,false,false
au,cctld,false,true
auction,gtld,false,false
audi,gtld,true,false
audible,gtld,true,false
audio,gtld,false,false
auspost,gtld,true,false
author,gtld,false,false
auto,gtld,false,false
autos,gtld,false,false
aw,cctld,false,true
aws,gtld,true,false
ax,cctld,false,true
axa,gtld,true,false
az,cctld,false,true
azure,gtld,true,false
ba,cctld,false,true
baby,gtld,false,false
baidu,gtld,true,false
banamex,gtld,true,false
band,gtld,false,false
bank,gtld,false,false
bar,gtld,false,false
barcelona,gtld,false,false
barclaycard,gtld,true,false
barclays,gtld,true,false
barefoot,gtld,true,false
bargains,gtld,false,false
baseball,gtld,false,false
basketball,gtld,false,false
bauhaus,gtld,true,false
bayern,gtld,false,false
bb,cctld,false,true
bbc,gtld,true,false
bbt,gtld,true,false
bbva,gtld,true,false
bcg,gtld,true,false
bcn,gtld,false,false
bd,cctld,false,true
be,cctld,false,true
beats,gtld,true,false
beauty,gtld,false,false
beer,gtld,false,false
berlin,gtld,false,false
best,gtld,false,false
bestbuy,gtld,true,false
bet,gtld,false,false
bf,cctld,false,true
bg,cctld,false,true
bh,cctld,false,true
bharti,gtld,true,false
bi,cctld,false,true
bible,gtld,false,false
bid,gtld,false,false
bike,gtld,false,false
bing,gtld,true,false
bingo,gtld,false,false
bio,gtld,false,false
biz,gtld,false,true
bj,cctld,false,true
black,gtld,false,false
blackfriday,gtld,false,false
blockbuster,gtld,true,false
blog,gtld,false,false
bloomberg,gtld,true,false
blue,gtld,false,false
bm,cctld,false,true
bms,gtld,true,false
bmw,gtld,true,false
bn,cctld,false,true
bnpparibas,gtld,true,false
bo,cctld,false,true
boats,gtld,false,false
boehringer,gtld,true,false
bofa,gtld,true,false
bom,gtld,true,false
bond,gtld,true,false
boo,gtld,false,false
book,gtld,false,false
booking,gtld,true,false
bosch,gtld,true,false
bostik,gtld,true,false
boston,gtld,false,false
bot,gtld,false,false
boutique,gtld,false,false
box,gtld,false,false
br,cctld,false,true
bradesco,gtld,true,false
bridgestone,gtld,true,false
broadway,gtld,false,false
broker,gtld,false,false
brother,gtld,true,false
brussels,gtld,false,false
bs,cctld,false,true
bt,cctld,false,true
build,gtld,false,false
builders,gtld,false,false
business,gtld,false,false
buy,gtld,false,false
buzz,gtld,false,false
bv,cctld,false,true
bw,cctld,false,true
by,cctld,false,true
bz,cctld,false,true
bzh,gtld,false,false
ca,cctld,false,true
cab,gtld,false,false
cafe,gtld,false,false
cal,gtld,true,false
call,gtld,false,false
calvinklein,gtld,true,false
cam,gtld,false,false
camera,gtld,false,false
camp,gtld,false,false
canon,gtld,true,false
capetown,gtld,false,false
capital,gtld,false,false
capitalone,gtld,true,false
car,gtld,false,false
caravan,gtld,true,false
cards,gtld,false,false
care,gtld,false,false
career,gtld,false,false
careers,gtld,false,false
cars,gtld,false,false
casa,gtld,false,false
case,gtld,true,false
cash,gtld,false,false
casino,gtld,false,false
cat,gtld,false,true
catering,gtld,false,false
catholic,gtld,false,false
cba,gtld,true,false
cbn,gtld,true,false
cbre,gtld,true,false
cc,cctld,false,true
cd,cctld,false,true
center,gtld,false,false
ceo,gtld,false,false
cern,gtld,true,false
cf,cctld,false,true
cfa,gtld,true,false
cfd,gtld,false,false
cg,cctld,false,true
ch,cctld,false,true
chanel,gtld,true,false
channel,gtld,false,false
charity,gtld,false,false
chase,gtld,true,false
chat,gtld,false,false
cheap,gtld,false,false
chintai,gtld,true,false
christmas,gtld,false,false
chrome,gtld,true,false
church,gtld,false,false
ci,cctld,false,true
cipriani,gtld,true,false
circle,gtld,false,false
cisco,gtld,true,false
citadel,gtld,true,false
citi,gtld,true,false
citic,gtld,true,false
city,gtld,false,false
ck,cctld,false,true
cl,cctld,false,true
claims,gtld,false,false
cleaning,gtld,false,false
click,gtld,false,false
clinic,gtld,false,false
clinique,gtld,true,false
clothing,gtld,false,false
cloud,gtld,false,false
club,gtld,false,false
clubmed,gtld,true,false
cm,cctld,false,true
cn,cctld,false,true
co,cctld,false,true
coach,gtld,false,false
codes,gtld,false,false
coffee,gtld,false,false
college,gtld,false,false
cologne,gtld,false,false
com,gtld,false,true
commbank,gtld,true,false
community,gtld,false,false
company,gtld,false,false
compare,gtld,false,false
computer,gtld,false,false
comsec,gtld,true,false
condos,gtld,false,false
construction,gtld,false,false
consulting,gtld,false,false
contact,gtld,false,false
contractors,gtld,false,false
cooking,gtld,false,false
cool,gtld,false,false
coop,gtld,false,true
corsica,gtld,false,false
country,gtld,false,false
coupon,gtld,false,false
coupons,gtld,false,false
courses,gtld,false,false
cpa,gtld,false,false
cr,cctld,false,true
credit,gtld,false,false
creditcard,gtld,false,false
creditunion,gtld,false,false
cricket,gtld,false,false
crown,gtld,true,false
crs,gtld,true,false
cruise,gtld,false,false
cruises,gtld,false,false
cu,cctld,false,true
cuisinella,gtld,true,false
cv,cctld,false,true
cw,cctld,false,false
cx,cctld,false,true
cy,cctld,false,true
cymru,gtld,false,false
cyou,gtld,false,false
cz,cctld,false,true
dad,gtld,false,false
dance,gtld,false,false
data,gtld,true,false
date,gtld,false,false
dating,gtld,false,false
datsun,gtld,true,false
day,gtld,false,false
dclk,gtld,true,false
dds,gtld,false,false
de,cctld,false,true
deal,gtld,false,false
dealer,gtld,false,false
deals,gtld,false,false
degree,gtld,false,false
delivery,gtld,false,false
dell,gtld,true,false
deloitte,gtld,true,false
delta,gtld,true,false
democrat,gtld,false,false
dental,gtld,false,false
dentist,gtld,false,false
desi,gtld,false,false
design,gtld,false,false
dev,gtld,false,false
dhl,gtld,true,false
diamonds,gtld,false,false
diet,gtld,false,false
digital,gtld,false,false
direct,gtld,false,false
directory,gtld,false,false
discount,gtld,false,false
discover,gtld,true,false
dish,gtld,true,false
diy,gtld,true,false
dj,cctld,false,true
dk,cctld,false,true
dm,cctld,false,true
dnp,gtld,true,false
do,cctld,false,true
docs,gtld,false,false
doctor,gtld,false,false
dog,gtld,false,false
domains,gtld,false,false
dot,gtld,false,false
download,gtld,false,false
drive,gtld,false,false
dtv,gtld,true,false
dubai,gtld,false,false
dupont,gtld,true,false
durban,gtld,false,false
dvag,gtld,true,false
dvr,gtld,true,false
dz,cctld,false,true
earth,gtld,false,false
eat,gtld,false,false
ec,cctld,false,true
eco,gtld,false,false
edeka,gtld,true,false
edu,gtld,false,true
education,gtld,false,false
ee,cctld,false,true
eg,cctld,false,true
email,gtld,false,false
emerck,gtld,true,false
energy,gtld,false,false
engineer,gtld,false,false
engineering,gtld,false,false
enterprises,gtld,false,false
epson,gtld,true,false
equipment,gtld,false,false
er,cctld,false,true
ericsson,gtld,true,false
erni,gtld,true,false
es,cctld,false,true
esq,gtld,false,false
estate,gtld,false,false
et,cctld,false,true
eu,cctld,false,true
eurovision,gtld,true,false
eus,gtld,false,false
events,gtld,false,false
exchange,gtld,false,false
expert,gtld,false,false
exposed,gtld,false,false
express,gtld,false,false
extraspace,gtld,true,false
fage,gtld,true,false
fail,gtld,false,false
fairwinds,gtld,true,false
faith,gtld,false,false
family,gtld,false,false
fan,gtld,false,false
fans,gtld,false,false
farm,gtld,false,false
farmers,gtld,true,false
fashion,gtld,false,false
fast,gtld,true,false
fedex,gtld,true,false
feedback,gtld,false,false
ferrari,gtld,true,false
ferrero,gtld,true,false
fi,cctld,false,true
fidelity,gtld,true,false
fido,gtld,true,false
film,gtld,false,false
final,gtld,false,false
finance,gtld,false,false
financial,gtld,false,false
fire,gtld,true,false
firestone,gtld,true,false
firmdale,gtld,true,false
fish,gtld,false,false
fishing,gtld,false,false
fit,gtld,false,false
fitness,gtld,false,false
fj,cctld,false,true
fk,cctld,false,true
flickr,gtld,true,false
flights,gtld,false,false
flir,gtld,true,false
florist,gtld,false,false
flowers,gtld,false,false
fly,gtld,false,false
fm,cctld,false,true
fo,cctld,false,true
foo,gtld,false,false
food,gtld,true,false
football,gtld,false,false
ford,gtld,true,false
forex,gtld,false,false
forsale,gtld,false,false
forum,gtld,false,false
foundation,gtld,false,false
fox,gtld,true,false
fr,cctld,false,true
free,gtld,false,false
fresenius,gtld,true,false
frl,gtld,false,false
frogans,gtld,true,false
frontier,gtld,true,false
ftr,gtld,true,false
fujitsu,gtld,true,false
fun,gtld,false,false
fund,gtld,false,false
furniture,gtld,false,false
futbol,gtld,false,false
fyi,gtld,false,false
ga,cctld,false,true
gal,gtld,false,false
gallery,gtld,false,false
gallo,gtld,true,false
gallup,gtld,true,false
game,gtld,false,false
games,gtld,false,false
gap,gtld,true,false
garden,gtld,false,false
gay,gtld,false,false
gb,cctld,false,true
gbiz,gtld,true,false
gd,cctld,false,true
gdn,gtld,false,false
ge,cctld,false,true
gea,gtld,true,false
gent,gtld,false,false
genting,gtld,true,false
george,gtld,true,false
gf,cctld,false,true
gg,cctld,false,true
ggee,gtld,true,false
gh,cctld,false,true
gi,cctld,false,true
gift,gtld,false,false
gifts,gtld,false,false
gives,gtld,false,false
giving,gtld,false,false
gl,cctld,false,true
glass,gtld,false,false
gle,gtld,true,false
global,gtld,false,false
globo,gtld,true,false
gm,cctld,false,true
gmail,gtld,true,false
gmbh,gtld,false,false
gmo,gtld,true,false
gmx,gtld,true,false
gn,cctld,false,true
godaddy,gtld,true,false
gold,gtld,false,false
goldpoint,gtld,true,false
golf,gtld,false,false
goodyear,gtld,true,false
goog,gtld,true,false
google,gtld,true,false
gop,gtld,false,false
got,gtld,true,false
gov,gtld,false,true
gp,cctld,false,true
gq,cctld,false,true
gr,cctld,false,true
grainger,gtld,true,false
graphics,gtld,false,false
gratis,gtld,false,false
green,gtld,false,false
gripe,gtld,false,false
grocery,gtld,false,false
group,gtld,false,false
gs,cctld,false,true
gt,cctld,false,true
gu,cctld,false,true
gucci,gtld,true,false
guge,gtld,true,false
guide,gtld,false,false
guitars,gtld,false,false
guru,gtld,false,false
gw,cctld,false,true
gy,cctld,false,true
hair,gtld,false,false
hamburg,gtld,false,false
hangout,gtld,false,false
haus,gtld,false,false
hbo,gtld,true,false
hdfc,gtld,true,false
hdfcbank,gtld,true,false
health,gtld,false,false
healthcare,gtld,false,false
help,gtld,false,false
helsinki,gtld,false,false
here,gtld,false,false
hermes,gtld,true,false
hiphop,gtld,false,false
hisamitsu,gtld,true,false
hitachi,gtld,true,false
hiv,gtld,false,false
hk,cctld,false,true
hkt,gtld,true,false
hm,cctld,false,true
hn,cctld,false,true
hockey,gtld,false,false
holdings,gtld,false,false
holiday,gtld,false,false
homedepot,gtld,true,false
homegoods,gtld,true,false
homes,gtld,false,false
homesense,gtld,true,false
honda,gtld,true,false
horse,gtld,false,false
hospital,gtld,false,false
host,gtld,false,false
hosting,gtld,false,false
hot,gtld,false,false
hotels,gtld,false,false
hotmail,gtld,true,false
house,gtld,false,false
how,gtld,false,false
hr,cctld,false,true
hsbc,gtld,true,false
ht,cctld,false,true
hu,cctld,false,true
hughes,gtld,true,false
hyatt,gtld,true,false
hyundai,gtld,true,false
ibm,gtld,true,false
icbc,gtld,true,false
ice,gtld,true,false
icu,gtld,true,false
id,cctld,false,true
ie,cctld,false,true
ieee,gtld,true,false
ifm,gtld,true,false
ikano,gtld,true,false
il,cctld,false,true
im,cctld,false,true
imamat,gtld,true,false
imdb,gtld,true,false
immo,gtld,false,false
immobilien,gtld,false,false
in,cctld,false,true
inc,gtld,false,false
industries,gtld,false,false
infiniti,gtld,true,false
info,gtld,false,true
ing,gtld,false,false
ink,gtld,false,false
institute,gtld,false,false
insurance,gtld,false,false
insure,gtld,false,false
int,gtld,false,true
international,gtld,false,false
intuit,gtld,true,false
investments,gtld,false,false
io,cctld,false,true
ipiranga,gtld,true,false
iq,cctld,false,true
ir,cctld,false,true
irish,gtld,false,false
is,cctld,false,true
ismaili,gtld,true,false
ist,gtld,false,false
istanbul,gtld,false,false
it,cctld,false,true
itau,gtld,true,false
itv,gtld,true,false
jaguar,gtld,true,false
java,gtld,true,false
jcb,gtld,true,false
je,cctld,false,true
jeep,gtld,true,false
jetzt,gtld,false,false
jewelry,gtld,false,false
jio,gtld,true,false
jll,gtld,true,false
jm,cctld,false,true
jmp,gtld,true,false
jnj,gtld,true,false
jo,cctld,false,true
jobs,gtld,false,true
joburg,gtld,false,false
jot,gtld,false,false
joy,gtld,false,false
jp,cctld,false,true
jpmorgan,gtld,true,false
jprs,gtld,true,false
juegos,gtld,false,false
juniper,gtld,true,false
kaufen,gtld,false,false
kddi,gtld,true,false
ke,cctld,false,true
kerryhotels,gtld,true,false
kerryproperties,gtld,true,false
kfh,gtld,true,false
kg,cctld,false,true
kh,cctld,false,true
ki,cctld,false,true
kia,gtld,true,false
kids,gtld,false,false
kim,gtld,false,false
kindle,gtld,true,false
kitchen,gtld,false,false
kiwi,gtld,false,false
km,cctld,false,true
kn,cctld,false,true
koeln,gtld,false,false
komatsu,gtld,true,false
kosher,gtld,false,false
kp,cctld,false,true
kpmg,gtld,true,false
kpn,gtld,true,false
kr,cctld,false,true
krd,gtld,false,false
kred,gtld,false,false
kuokgroup,gtld,true,false
kw,cctld,false,true
ky,cctld,false,true
kyoto,gtld,false,false
kz,cctld,false,true
la,cctld,false,true
lacaixa,gtld,true,false
lamborghini,gtld,true,false
lamer,gtld,true,false
land,gtld,false,false
landrover,gtld,true,false
lanxess,gtld,true,false
lasalle,gtld,true,false
lat,gtld,false,false
latino,gtld,false,false
latrobe,gtld,true,false
law,gtld,false,false
lawyer,gtld,false,false
lb,cctld,false,true
lc,cctld,false,true
lds,gtld,true,false
lease,gtld,false,false
leclerc,gtld,true,false
lefrak,gtld,true,false
legal,gtld,false,false
lego,gtld,true,false
lexus,gtld,true,false
lgbt,gtld,false,false
li,cctld,false,true
lidl,gtld,true,false
life,gtld,false,false
lifeinsurance,gtld,false,false
lifestyle,gtld,false,false
lighting,gtld,false,false
like,gtld,true,false
lilly,gtld,true,false
limited,gtld,false,false
limo,gtld,false,false
lincoln,gtld,true,false
link,gtld,false,false
live,gtld,false,false
living,gtld,false,false
lk,cctld,false,true
llc,gtld,false,false
llp,gtld,false,false
loan,gtld,false,false
loans,gtld,false,false
locker,gtld,true,false
locus,gtld,true,false
lol,gtld,false,false
london,gtld,false,false
lotte,gtld,true,false
lotto,gtld,false,false
love,gtld,false,false
lpl,gtld,true,false
lplfinancial,gtld,true,false
lr,cctld,false,true
ls,cctld,false,true
lt,cctld,false,true
ltd,gtld,false,false
ltda,gtld,false,false
lu,cctld,false,true
lundbeck,gtld,true,false
luxe,gtld,false,false
luxury,gtld,false,false
lv,cctld,false,true
ly,cctld,false,true
ma,cctld,false,true
madrid,gtld,false,false
maif,gtld,true,false
maison,gtld,false,false
makeup,gtld,true,false
man,gtld,true,false
management,gtld,false,false
mango,gtld,true,false
map,gtld,false,false
market,gtld,false,false
marketing,gtld,false,false
markets,gtld,false,false
marriott,gtld,true,false
marshalls,gtld,true,false
mattel,gtld,true,false
mba,gtld,false,false
mc,cctld,false,true
mckinsey,gtld,true,false
md,cctld,false,true
me,cctld,false,true
med,gtld,false,false
media,gtld,false,false
meet,gtld,false,false
melbourne,gtld,false,false
meme,gtld,false,false
memorial,gtld,false,false
men,gtld,false,false
menu,gtld,false,false
merckmsd,gtld,true,false
mg,cctld,false,true
mh,cctld,false,true
miami,gtld,false,false
microsoft,gtld,true,false
mil,gtld,false,true
mini,gtld,true,false
mint,gtld,true,false
mit,gtld,true,false
mitsubishi,gtld,true,false
mk,cctld,false,true
ml,cctld,false,true
mlb,gtld,true,false
mls,gtld,false,false
mm,cctld,false,true
mma,gtld,true,false
mn,cctld,false,true
mo,cctld,false,true
mobi,gtld,false,true
mobile,gtld,false,false
moda,gtld,false,false
moe,gtld,false,false
moi,gtld,true,false
mom,gtld,false,false
monash,gtld,true,false
money,gtld,false,false
monster,gtld,true,false
mormon,gtld,true,false
mortgage,gtld,false,false
moscow,gtld,false,false
moto,gtld,true,false
motorcycles,gtld,false,false
mov,gtld,false,false
movie,gtld,false,false
mp,cctld,false,true
mq,cctld,false,true
mr,cctld,false,true
ms,cctld,false,true
msd,gtld,true,false
mt,cctld,false,true
mtn,gtld,true,false
mtr,gtld,true,false
mu,cctld,false,true
museum,gtld,false,true
music,gtld,false,false
mv,cctld,false,true
mw,cctld,false,true
mx,cctld,false,true
my,cctld,false,true
mz,cctld,false,true
na,cctld,false,true
nab,gtld,true,false
nagoya,gtld,false,false
name,gtld,false,true
navy,gtld,false,false
nba,gtld,true,false
nc,cctld,false,true
ne,cctld,false,true
nec,gtld,true,false
net,gtld,false,true
netbank,gtld,true,false
netflix,gtld,true,false
network,gtld,false,false
neustar,gtld,true,false
new,gtld,false,false
news,gtld,false,false
next,gtld,true,false
nextdirect,gtld,true,false
nexus,gtld,true,false
nf,cctld,false,true
nfl,gtld,true,false
ng,cctld,false,true
ngo,gtld,false,false
nhk,gtld,true,false
ni,cctld,false,true
nico,gtld,true,false
nike,gtld,true,false
nikon,gtld,true,false
ninja,gtld,false,false
nissan,gtld,true,false
nissay,gtld,true,false
nl,cctld,false,true
no,cctld,false,true
nokia,gtld,true,false
norton,gtld,true,false
now,gtld,false,false
nowruz,gtld,true,false
nowtv,gtld,true,false
np,cctld,false,true
nr,cctld,false,true
nra,gtld,true,false
nrw,gtld,false,false
ntt,gtld,true,false
nu,cctld,false,true
nyc,gtld,false,false
nz,cctld,false,true
obi,gtld,true,false
observer,gtld,true,false
office,gtld,true,false
okinawa,gtld,false,false
olayan,gtld,true,false
olayangroup,gtld,true,false
ollo,gtld,true,false
om,cctld,false,true
omega,gtld,true,false
one,gtld,false,false
ong,gtld,false,false
onl,gtld,false,false
online,gtld,false,false
ooo,gtld,false,false
open,gtld,true,false
oracle,gtld,true,false
orange,gtld,true,false
org,gtld,false,true
organic,gtld,false,false
origins,gtld,true,false
osaka,gtld,false,false
otsuka,gtld,true,false
ott,gtld,true,false
ovh,gtld,false,false
pa,cctld,false,true
page,gtld,false,false
panasonic,gtld,true,false
paris,gtld,false,false
pars,gtld,false,false
partners,gtld,false,false
parts,gtld,false,false
party,gtld,false,false
pay,gtld,false,false
pccw,gtld,true,false
pe,cctld,false,true
pet,gtld,false,false
pf,cctld,false,true
pfizer,gtld,true,false
pg,cctld,false,true
ph,cctld,false,true
pharmacy,gtld,false,false
phd,gtld,false,false
philips,gtld,true,false
phone,gtld,false,false
photo,gtld,false,false
photography,gtld,false,false
photos,gtld,false,false
physio,gtld,false,false
pics,gtld,false,false
pictet,gtld,true,false
pictures,gtld,false,false
pid,gtld,false,false
pin,gtld,false,false
ping,gtld,true,false
pink,gtld,false,false
pioneer,gtld,true,false
pizza,gtld,false,false
pk,cctld,false,true
pl,cctld,false,true
place,gtld,false,false
play,gtld,false,false
playstation,gtld,true,false
plumbing,gtld,false,false
plus,gtld,false,false
pm,cctld,false,true
pn,cctld,false,true
pnc,gtld,true,false
pohl,gtld,true,false
poker,gtld,false,false
politie,gtld,true,false
porn,gtld,false,false
post,gtld,false,false
pr,cctld,false,true
praxi,gtld,true,false
press,gtld,false,false
prime,gtld,true,false
pro,gtld,false,true
prod,gtld,true,false
productions,gtld,false,false
prof,gtld,false,false
progressive,gtld,true,false
promo,gtld,false,false
properties,gtld,false,false
property,gtld,false,false
protection,gtld,false,false
pru,gtld,true,false
prudential,gtld,true,false
ps,cctld,false,true
pt,cctld,false,true
pub,gtld,false,false
pw,cctld,false,true
pwc,gtld,true,false
py,cctld,false,true
qa,cctld,false,true
qpon,gtld,false,false
quebec,gtld,false,false
quest,gtld,true,false
racing,gtld,false,false
radio,gtld,false,false
re,cctld,false,true
read,gtld,true,false
realestate,gtld,false,false
realtor,gtld,false,false
realty,gtld,false,false
recipes,gtld,false,false
red,gtld,false,false
redumbrella,gtld,true,false
rehab,gtld,false,false
reise,gtld,false,false
reisen,gtld,false,false
reit,gtld,false,false
reliance,gtld,true,false
ren,gtld,true,false
rent,gtld,false,false
rentals,gtld,false,false
repair,gtld,false,false
report,gtld,false,false
republican,gtld,false,false
rest,gtld,false,false
restaurant,gtld,false,false
review,gtld,false,false
reviews,gtld,false,false
rexroth,gtld,true,false
rich,gtld,false,false
richardli,gtld,true,false
ricoh,gtld,true,false
ril,gtld,true,false
rio,gtld,false,false
rip,gtld,false,false
ro,cctld,false,true
rocks,gtld,false,false
rodeo,gtld,false,false
rogers,gtld,true,false
room,gtld,false,false
rs,cctld,false,true
rsvp,gtld,false,false
ru,cctld,false,true
rugby,gtld,false,false
ruhr,gtld,false,false
run,gtld,false,false
rw,cctld,false,true
rwe,gtld,true,false
ryukyu,gtld,false,false
sa,cctld,false,true
saarland,gtld,false,false
safe,gtld,false,false
safety,gtld,false,false
sakura,gtld,true,false
sale,gtld,false,false
salon,gtld,false,false
samsclub,gtld,true,false
samsung,gtld,true,false
sandvik,gtld,true,false
sandvikcoromant,gtld,true,false
sanofi,gtld,true,false
sap,gtld,true,false
sarl,gtld,false,false
sas,gtld,true,false
save,gtld,false,false
saxo,gtld,true,false
sb,cctld,false,true
sbi,gtld,true,false
sbs,gtld,true,false
sc,cctld,false,true
scb,gtld,true,false
schaeffler,gtld,true,false
schmidt,gtld,true,false
scholarships,gtld,false,false
school,gtld,false,false
schule,gtld,false,false
schwarz,gtld,true,false
science,gtld,false,false
scot,gtld,false,false
sd,cctld,false,true
se,cctld,false,true
search,gtld,false,false
seat,gtld,true,false
secure,gtld,false,false
security,gtld,false,false
seek,gtld,true,false
select,gtld,true,false
sener,gtld,true,false
services,gtld,false,false
seven,gtld,true,false
sew,gtld,true,false
sex,gtld,false,false
sexy,gtld,false,false
sfr,gtld,true,false
sg,cctld,false,true
sh,cctld,false,true
shangrila,gtld,true,false
sharp,gtld,true,false
shell,gtld,true,false
shia,gtld,false,false
shiksha,gtld,false,false
shoes,gtld,false,false
shop,gtld,false,false
shopping,gtld,false,false
shouji,gtld,true,false
show,gtld,false,false
si,cctld,false,true
silk,gtld,true,false
sina,gtld,true,false
singles,gtld,false,false
site,gtld,false,false
sj,cctld,false,true
sk,cctld,false,true
ski,gtld,false,false
skin,gtld,false,false
sky,gtld,true,false
skype,gtld,true,false
sl,cctld,false,true
sling,gtld,true,false
sm,cctld,false,true
smart,gtld,true,false
smile,gtld,false,false
sn,cctld,false,true
sncf,gtld,true,false
so,cctld,false,true
soccer,gtld,false,false
social,gtld,false,false
softbank,gtld,true,false
software,gtld,false,false
sohu,gtld,true,false
solar,gtld,false,false
solutions,gtld,false,false
song,gtld,true,false
sony,gtld,true,false
soy,gtld,false,false
spa,gtld,false,false
space,gtld,false,false
sport,gtld,false,false
spot,gtld,false,false
sr,cctld,false,true
srl,gtld,false,false
ss,cctld,false,false
st,cctld,false,true
stada,gtld,true,false
staples,gtld,true,false
star,gtld,true,false
statebank,gtld,true,false
statefarm,gtld,true,false
stc,gtld,true,false
stcgroup,gtld,true,false
stockholm,gtld,false,false
storage,gtld,false,false
store,gtld,false,false
stream,gtld,false,false
studio,gtld,false,false
study,gtld,false,false
style,gtld,false,false
su,cctld,false,true
sucks,gtld,false,false
supplies,gtld,false,false
supply,gtld,false,false
support,gtld,false,false
surf,gtld,false,false
surgery,gtld,false,false
suzuki,gtld,true,false
sv,cctld,false,true
swatch,gtld,true,false
swiss,gtld,false,false
sx,cctld,false,false
sy,cctld,false,true
sydney,gtld,false,false
systems,gtld,false,false
sz,cctld,false,true
tab,gtld,true,false
taipei,gtld,false,false
talk,gtld,false,false
taobao,gtld,true,false
target,gtld,true,false
tatamotors,gtld,true,false
tatar,gtld,false,false
tattoo,gtld,false,false
tax,gtld,false,false
taxi,gtld,false,false
tc,cctld,false,true
tci,gtld,true,false
td,cctld,false,true
tdk,gtld,true,false
team,gtld,false,false
tech,gtld,false,false
technology,gtld,false,false
tel,gtld,false,true
temasek,gtld,true,false
tennis,gtld,false,false
teva,gtld,true,false
tf,cctld,false,true
tg,cctld,false,true
th,cctld,false,true
thd,gtld,true,false
theater,gtld,false,false
theatre,gtld,false,false
tiaa,gtld,true,false
tickets,gtld,false,false
tienda,gtld,false,false
tips,gtld,false,false
tires,gtld,false,false
tirol,gtld,false,false
tj,cctld,false,true
tjmaxx,gtld,true,false
tjx,gtld,true,false
tk,cctld,false,true
tkmaxx,gtld,true,false
tl,cctld,false,true
tm,cctld,false,true
tmall,gtld,true,false
tn,cctld,false,true
to,cctld,false,true
today,gtld,false,false
tokyo,gtld,false,false
tools,gtld,false,false
top,gtld,false,false
toray,gtld,true,false
toshiba,gtld,true,false
total,gtld,true,false
tours,gtld,false,false
town,gtld,false,false
toyota,gtld,true,false
toys,gtld,false,false
tr,cctld,false,true
trade,gtld,false,false
trading,gtld,false,false
training,gtld,false,false
travel,gtld,false,true
travelers,gtld,true,false
travelersinsurance,gtld,true,false
trust,gtld,false,false
trv,gtld,true,false
tt,cctld,false,true
tube,gtld,false,false
tui,gtld,true,false
tunes,gtld,false,false
tushu,gtld,true,false
tv,cctld,false,true
tvs,gtld,true,false
tw,cctld,false,true
tz,cctld,false,true
ua,cctld,false,true
ubank,gtld,true,false
ubs,gtld,true,false
ug,cctld,false,true
uk,cctld,false,true
unicom,gtld,true,false
university,gtld,false,false
uno,gtld,false,false
uol,gtld,true,false
ups,gtld,true,false
us,cctld,false,true
uy,cctld,false,true
uz,cctld,false,true
va,cctld,false,true
vacations,gtld,false,false
vana,gtld,true,false
vanguard,gtld,true,false
vc,cctld,false,true
ve,cctld,false,true
vegas,gtld,false,false
ventures,gtld,false,false
verisign,gtld,true,false
versicherung,gtld,false,false
vet,gtld,false,false
vg,cctld,false,true
vi,cctld,false,true
viajes,gtld,false,false
video,gtld,false,false
vig,gtld,true,false
viking,gtld,true,false
villas,gtld,false,false
vin,gtld,false,false
vip,gtld,false,false
virgin,gtld,true,false
visa,gtld,true,false
vision,gtld,false,false
viva,gtld,true,false
vivo,gtld,true,false
vlaanderen,gtld,false,false
vn,cctld,false,true
vodka,gtld,false,false
volvo,gtld,true,false
vote,gtld,false,false
voting,gtld,false,false
voto,gtld,false,false
voyage,gtld,false,false
vu,cctld,false,true
wales,gtld,false,false
walmart,gtld,true,false
walter,gtld,true,false
wang,gtld,false,false
wanggou,gtld,false,false
watch,gtld,false,false
watches,gtld,false,false
weather,gtld,false,false
weatherchannel,gtld,true,false
webcam,gtld,false,false
weber,gtld,true,false
website,gtld,false,false
wed,gtld,false,false
wedding,gtld,false,false
weibo,gtld,false,false
weir,gtld,true,false
wf,cctld,false,true
whoswho,gtld,false,false
wien,gtld,false,false
wiki,gtld,false,false
williamhill,gtld,true,false
win,gtld,false,false
windows,gtld,true,false
wine,gtld,false,false
winners,gtld,true,false
wme,gtld,true,false
woodside,gtld,true,false
work,gtld,false,false
works,gtld,false,false
world,gtld,false,false
wow,gtld,false,false
ws,cctld,false,true
wtc,gtld,true,false
wtf,gtld,false,false
xbox,gtld,true,false
xerox,gtld,true,false
xihuan,gtld,false,false
xin,gtld,false,false
कॉम,gtld,false,false
セール,gtld,false,false
佛山,gtld,false,false
ಭಾರತ,gtld,false,false
慈善,gtld,false,false
集团,gtld,false,false
在线,gtld,false,false
한국,gtld,false,true
ଭାରତ,gtld,false,false
点看,gtld,false,false
คอม,gtld,false,false
ভাৰত,gtld,false,false
ভারত,gtld,false,true
八卦,gtld,false,false
ישראל,gtld,false,false
موقع,gtld,false,false
বাংলা,gtld,false,false
公益,gtld,false,false
公司,gtld,false,false
香格里拉,gtld,true,false
网站,gtld,false,false
移动,gtld,false,false
我爱你,gtld,false,false
москва,gtld,false,false
қаз,gtld,false,false
католик,gtld,false,false
онлайн,gtld,false,false
сайт,gtld,false,false
联通,gtld,true,false
срб,gtld,false,true
бг,gtld,false,false
бел,gtld,false,false
קום,gtld,false,false
时尚,gtld,false,false
微博,gtld,true,false
淡马锡,gtld,true,false
ファッション,gtld,false,false
орг,gtld,false,false
नेट,gtld,false,false
ストア,gtld,false,false
アマゾン,gtld,true,false
삼성,gtld,true,false
சிங்கப்பூர்,gtld,false,true
商标,gtld,false,false
商店,gtld,false,false
商城,gtld,false,false
дети,gtld,false,false
мкд,gtld,false,false
ею,gtld,false,false
ポイント,gtld,false,false
新闻,gtld,false,false
家電,gtld,false,false
كوم,gtld,false,false
中文网,gtld,false,false
中信,gtld,true,false
中国,gtld,false,true
中國,gtld,false,true
娱乐,gtld,false,false
谷歌,gtld,true,false
భారత్,gtld,false,true
ලංකා,gtld,false,true
電訊盈科,gtld,true,false
购物,gtld,false,false
クラウド,gtld,false,false
ભારત,gtld,false,true
通販,gtld,false,false
भारतम्,gtld,false,false
भारत,gtld,false,true
भारोत,gtld,false,false
网店,gtld,false,false
संगठन,gtld,false,false
餐厅,gtld,false,false
网络,gtld,false,false
ком,gtld,false,false
укр,gtld,false,false
香港,gtld,false,true
亚马逊,gtld,true,false
食品,gtld,false,false
飞利浦,gtld,true,false
台湾,gtld,false,true
台灣,gtld,false,true
手机,gtld,false,false
мон,gtld,false,false
الجزائر,gtld,false,true
عمان,gtld,false,false
ارامكو,gtld,false,false
ایران,gtld,false,false
العليان,gtld,false,false
امارات,gtld,false,true
بازار,gtld,false,false
موريتانيا,gtld,false,false
پاکستان,gtld,false,false
الاردن,gtld,false,true
بارت,gtld,false,false
بھارت,gtld,false,true
المغرب,gtld,false,true
ابوظبي,gtld,false,false
البحرين,gtld,false,false
السعودية,gtld,false,true
ڀارت,gtld,false,false
كاثوليك,gtld,false,false
سودان,gtld,false,false
همراه,gtld,false,false
عراق,gtld,false,false
مليسيا,gtld,false,false
澳門,gtld,false,false
닷컴,gtld,false,false
政府,gtld,false,false
شبكة,gtld,false,false
بيتك,gtld,false,false
عرب,gtld,false,false
გე,gtld,false,false
机构,gtld,false,false
组织机构,gtld,false,false
健康,gtld,false,false
ไทย,gtld,false,true
سورية,gtld,false,true
招聘,gtld,false,false
рус,gtld,false,false
рф,gtld,false,true
تونس,gtld,false,true
大拿,gtld,false,false
ລາວ,gtld,false,false
みんな,gtld,false,false
グーグル,gtld,true,false
ευ,gtld,false,false
ελ,gtld,false,false
世界,gtld,false,false
書籍,gtld,false,false
ഭാരതം,gtld,false,false
ਭਾਰਤ,gtld,false,true
网址,gtld,false,false
닷넷,gtld,false,false
コム,gtld,false,false
天主教,gtld,false,false
游戏,gtld,false,false
vermögensberater,gtld,false,false
vermögensberatung,gtld,false,false
企业,gtld,false,false
信息,gtld,false,false
嘉里大酒店,gtld,false,false
嘉里,gtld,true,false
مصر,gtld,false,true
قطر,gtld,false,true
广东,gtld,false,false
இலங்கை,gtld,false,true
இந்தியா,gtld,false,true
հայ,gtld,false,false
新加坡,gtld,false,true
فلسطين,gtld,false,true
政务,gtld,false,false
xxx,gtld,false,true
xyz,gtld,false,false
yachts,gtld,false,false
yahoo,gtld,true,false
yamaxun,gtld,true,false
yandex,gtld,true,false
ye,cctld,false,true
yodobashi,gtld,true,false
yoga,gtld,false,false
yokohama,gtld,false,false
you,gtld,false,false
youtube,gtld,true,false
yt,cctld,false,true
yun,gtld,false,false
za,cctld,false,true
zappos,gtld,true,false
zara,gtld,true,false
zero,gtld,false,false
zip,gtld,false,false
zm,cctld,false,true
zone,gtld,false,false
zuerich,gtld,false,false
zw,cctld,false,true
